{
    "num_angle": {
        "0": "GLY,ALA,PRO,ILE,LEU,ASP,ASN,HIS,PHE,TYR,TRP,SER,CYS,THR,VAL,MET,GLU,GLN,LYS,ARG"
    },
    "psi_constraint": {
        "native": {
            "H": "-57,-37",
            "B": "110,130",
            "E": "110,130",
            "G": "-36,-16",
            "I": "-80,-60",
            "T": "-180,180",
            "S": "-180,180",
            "U": "-180,180"
        },
        "non-native": {
            "H": "-50,-30",
            "E": "110,130",
            "a": "-100,50",
            "b": "100,200",
            "e": "130,260",
            "l": "-60,90",
            "t": "50,100",
            "U": "-180,180"
        }
    },
    "phi_constraint": {
        "native": {
            "H": "-67,-47",
            "B": "-130,-110",
            "E": "-130,-110",
            "G": "-59,-39",
            "I": "-67,-47",
            "T": "-180,180",
            "S": "-180,180",
            "U": "-180,180"
        },
        "non-native": {
            "H": "-75,-55",
            "E": "-130,-110",
            "a": "-150,-30",
            "b": "-230,-30",
            "e": "30,130",
            "l": "30,150",
            "t": "-160,-50",
            "U": "-180,180"
        }
    },
    "sidechain_constraint": {
        "ARG": {
            "1": "-177,62",
            "2": "-167,180",
            "3": "-65,180",
            "4": "-175,180"
        },
        "LYS": {
            "1": "-177,62",
            "2": "-68,180",
            "3": "-68,180",
            "4": "-65,180"
        },
        "MET": {
            "1": "-177,62",
            "2": "-65,180",
            "3": "-75,180"
        },
        "GLU": {
            "1": "-177,70",
            "2": "-80,180",
            "3": "-60,60"
        },
        "GLN": {
            "1": "-177,70",
            "2": "-75,180",
            "3": "-100,100"
        },
        "ASP": {
            "1": "-177,62",
            "2": "-60,65"
        },
        "ASN": {
            "1": "-177,62",
            "2": "-80,120."
        },
        "ILE": {
            "1": "-177,62",
            "2": "-60,170"
        },
        "LEU": {
            "1": "-177,62",
            "2": "65,175"
        },
        "HIS": {
            "1": "-177,62",
            "2": "-165,165"
        },
        "TRP": {
            "1": "-177,62",
            "2": "-105,95"
        },
        "TYR": {
            "1": "-177,62",
            "2": "-85,90"
        },
        "PHE": {
            "1": "-177,62",
            "2": "-85,90"
        },
        "PRO": {
            "1": "-30,30"
        },
        "THR": {
            "1": "-177,62"
        },
        "VAL": {
            "1": "-60,175"
        },
        "SER": {
            "1": "-177,62"
        },
        "CYS": {
            "1": "-177,62"
        }
    },
    "algo_params": {
        "name": "MOEA",
        "pop_size": 100,
        "D": 30
    },
    "test_params": {
        "test1": "AlphaFold",
        "test2": "GLCDE",
        "test3": "ProteinNet"
    },
    
    "augmentation_params":{

    }
}